"RelativePath","Length","LastWriteTime","SHA256"
"clarion-accessory-bin\CHTheme.dll","125952","2026-08-06T12:50:10.9859606-04:00","5BB4392793980C793BF3C8083E5F2B4250794099B8F9C2AEAFBCC3340BAA3007"
"clarion-accessory-template\CHModernTheme.tpl","43202","2026-08-06T14:03:15.9052961-04:00","9A747DE8F2E1E8EBB5903A738531BA7B76FAB35F5060D68C799305F6D0C99182"
"clarion-libsrc\CHModernSheet.clw","11070","2026-08-06T14:51:51.6666848-04:00","A5DB7B6487D20CAD74E6A849DE9DDC5C2F48E521FDD8DB607C2D256B6CD50EE5"
"clarion-libsrc\CHModernSlider.clw","7004","2026-08-06T14:23:03.5622309-04:00","9ACE4A34B4BD302A84B44B4A81F314596A4DD49769CB633E115A3A330BD8B5C1"
"clarion-libsrc\CHModernSlider.inc","1045","2026-08-06T14:03:15.9037882-04:00","6426CBED44387900F783213AE5F6327FB9D12E49B8C51F6D7A1B133CE0B82DF5"
"clarion-template\CHModernTheme.tpl","43202","2026-08-06T14:03:15.9052961-04:00","9A747DE8F2E1E8EBB5903A738531BA7B76FAB35F5060D68C799305F6D0C99182"
"compuhost-v4\CHModernSheet.clw","11070","2026-08-06T14:51:51.6666848-04:00","A5DB7B6487D20CAD74E6A849DE9DDC5C2F48E521FDD8DB607C2D256B6CD50EE5"
"compuhost-v4\CHModernSlider.clw","7004","2026-08-06T14:23:03.5622309-04:00","9ACE4A34B4BD302A84B44B4A81F314596A4DD49769CB633E115A3A330BD8B5C1"
"compuhost-v4\CHModernSlider.inc","1045","2026-08-06T14:03:15.9037882-04:00","6426CBED44387900F783213AE5F6327FB9D12E49B8C51F6D7A1B133CE0B82DF5"
"compuhost-v4\CHTheme.dll","125952","2026-08-06T12:50:10.9859606-04:00","5BB4392793980C793BF3C8083E5F2B4250794099B8F9C2AEAFBCC3340BAA3007"
